{"version":null,"displayName":"JUnit","type":"junit","logo":"junit.png","logoSmall":"junit.png","metadata":[{"name":"resultType","dependent":false,"dependentMetadata":null,"values":[{"id":"failures","name":"Failed Tests","attributeName":null,"referenceType":null,"dependents":null,"regex":false},{"id":"success","name":"Passed Tests","attributeName":null,"referenceType":null,"dependents":null,"regex":false},{"id":"all","name":"Results","attributeName":null,"referenceType":null,"dependents":null,"regex":false}]}],"fields":[{"id":"modifiedDate","name":"modifiedDate","datatype":"Datetime","values":null},{"id":"id","name":"id","datatype":"String","values":null},{"id":"message","name":"Message","datatype":"String","values":null},{"id":"testHeader","name":"Test Header","datatype":"String","values":null},{"id":"description","name":"Description","datatype":"PlainText","values":null},{"id":"exception","name":"Exception","datatype":"String","values":null},{"id":"trace","name":"Trace","datatype":"PlainText","values":null}],"loginOptions":[],"idFieldName":"id","titleFieldName":"message","projectFieldName":"","artifactFieldName":"","testStepsFieldName":null,"changedDateFieldName":"modifiedDate","dateFormat":"dd-MM-yyyy","dateTimeFormat":"dd-MM-yyyy HH:mm:ss.SSS","queryDateFormat":"dd-MM-yyyy HH:mm:ss.SSS","iso8601DateFormat":false,"commentFieldName":"","commentFieldId":"","attachmentFieldName":"","attachmentFieldId":"","apiVersion":null,"callBackUrlConfigured":false,"callBackUrls":null,"apiProvider":"ConnectALL","applicationType":null,"urlDescription":"","userNameDescription":null,"passwordDescription":null,"paginationSupported":false,"paginationAttributes":null,"status":"Active","active":true,"syncModel":"ReadOnly"}